{
    "fileName": "StormKit.json",
    "name": "StormKit",
    "version": "0.2.1",
    "frcYear": "2025",
    "uuid": "cb000aa1-c6a9-4527-87e8-6258a83b4a4e",
	"mavenUrls": [
        "https://frc-509.github.io/stormkit/repo"
    ],
    "jsonUrl": "https://frc-509.github.io/stormkit/StormKit.json",
    "javaDependencies": [
        {
            "groupId": "com.redstorm509",
            "artifactId": "StormKit-java",
            "version": "0.2.1"
        }
    ],
    "jniDependencies": [],
    "cppDependencies": [
        {
            "groupId": "com.redstorm509",
            "artifactId": "StormKit-cpp",
            "version": "0.2.1",
            "libName": "StormKit",
            "headerClassifier": "headers",
            "sharedLibrary": false,
            "skipInvalidPlatforms": true,
            "binaryPlatforms": [
                "windowsx86-64",
                "linuxarm64",
                "linuxx86-64",
                "linuxathena",
                "linuxarm32",
                "osxuniversal"
            ]
        }
    ]
}
